{"chunk_definitions":[{"row":16,"row_count":1,"visible":true,"expansion_state":0,"options":{"engine":"r","include":false,"label":"unnamed-chunk-1","dev":"png"},"document_id":"31840E88","chunk_id":"c40eprmqfor97","chunk_label":"unnamed-chunk-1"},{"row":23,"row_count":1,"visible":true,"expansion_state":0,"options":{"engine":"r","label":"setup","include":false,"dev":"png"},"document_id":"31840E88","chunk_id":"csetup_chunk","chunk_label":"setup"},{"row":48,"row_count":1,"visible":true,"expansion_state":0,"options":{"engine":"r","label":"unnamed-chunk-2","dev":"png"},"document_id":"31840E88","chunk_id":"cmowpjjoijkso","chunk_label":"unnamed-chunk-2"},{"row":67,"row_count":1,"visible":true,"expansion_state":0,"options":{"engine":"r","label":"unnamed-chunk-3","dev":"png"},"document_id":"31840E88","chunk_id":"ctskbwoabjpjq","chunk_label":"unnamed-chunk-3"},{"row":85,"row_count":1,"visible":true,"expansion_state":0,"options":{"engine":"r","label":"unnamed-chunk-4","dev":"png"},"document_id":"31840E88","chunk_id":"c4qpdvxj461nv","chunk_label":"unnamed-chunk-4"},{"row":108,"row_count":1,"visible":true,"expansion_state":0,"options":{"engine":"r","label":"unnamed-chunk-5","dev":"png"},"document_id":"31840E88","chunk_id":"c0vyhg7ono6f4","chunk_label":"unnamed-chunk-5"},{"row":126,"row_count":1,"visible":true,"expansion_state":0,"options":{"engine":"r","label":"unnamed-chunk-6","dev":"png"},"document_id":"31840E88","chunk_id":"ch3ezvw5pf76m","chunk_label":"unnamed-chunk-6"}],"doc_write_time":1731233187,"working_dir":null,"default_chunk_options":{}}